species,mean_diff_values,sd_diff_values
C.comatus,5,2.598076211353316
Control,5,2.598076211353316
P.ostreatus v. Floridae,5,2.589995083810294
faecal isolate 1,5,2.598076211353316
